{
  "properties": [
    {
      "name": "resilience4j.circuitbreaker.configurations.default.slidingWindowSize",
      "type": "java.lang.String",
      "description": "Description for resilience4j.circuitbreaker.configurations.default.slidingWindowSize."
    },
    {
      "name": "resilience4j.circuitbreaker.configurations.default.minimumNumberOfCalls",
      "type": "java.lang.String",
      "description": "Description for resilience4j.circuitbreaker.configurations.default.minimumNumberOfCalls."
    },
    {
      "name": "resilience4j.circuitbreaker.configurations.default.permitRequestInHalfOpenState",
      "type": "java.lang.String",
      "description": "Description for resilience4j.circuitbreaker.configurations.default.permitRequestInHalfOpenState."
    },
    {
      "name": "resilience4j.circuitbreaker.configurations.default.automaticTransitionFromOpenToHalfOpenEnabled",
      "type": "java.lang.String",
      "description": "Description for resilience4j.circuitbreaker.configurations.default.automaticTransitionFromOpenToHalfOpenEnabled."
    },
    {
      "name": "resilience4j.circuitbreaker.configurations.default.waitDurationInOpenState",
      "type": "java.lang.String",
      "description": "Description for resilience4j.circuitbreaker.configurations.default.waitDurationInOpenState."
    },
    {
      "name": "resilience4j.circuitbreaker.configurations.default.failureRateThreshold",
      "type": "java.lang.String",
      "description": "Description for resilience4j.circuitbreaker.configurations.default.failureRateThreshold."
    }
  ] }